insert into HT_TBL_MISSION_CFG (MISSION_TYPE, MISSION_INDEX, MISSION_NAME, MISSION_LEVEL, DATA_NUM, COMMIT_FLAG, COMMIT_NUM) values ('1', '0100', '支付网关流水导入确认', 1, 1, 1, 1);
insert into HT_TBL_MISSION_CFG (MISSION_TYPE, MISSION_INDEX, MISSION_NAME, MISSION_LEVEL, DATA_NUM, COMMIT_FLAG, COMMIT_NUM) values ('1', '0103', '获取支付宝流水文件', 2, 1, 1, 1);

insert into HT_TBL_MISSION_CFG (MISSION_TYPE, MISSION_INDEX, MISSION_NAME, MISSION_LEVEL, DATA_NUM, COMMIT_FLAG, COMMIT_NUM) values ('1', '0403', '导入支付宝流水文件', 4, 20000, 1, 10000);

insert into HT_TBL_MISSION_CFG (MISSION_TYPE, MISSION_INDEX, MISSION_NAME, MISSION_LEVEL, DATA_NUM, COMMIT_FLAG, COMMIT_NUM) values ('1', '0703', '支付宝渠道交易对账', 7, 20000, 1, 10000);
insert into HT_TBL_MISSION_CFG (MISSION_TYPE, MISSION_INDEX, MISSION_NAME, MISSION_LEVEL, DATA_NUM, COMMIT_FLAG, COMMIT_NUM) values ('1', '0803', '支付宝多处理', 8, 20000, 1, 10000);
insert into HT_TBL_MISSION_CFG (MISSION_TYPE, MISSION_INDEX, MISSION_NAME, MISSION_LEVEL, DATA_NUM, COMMIT_FLAG, COMMIT_NUM) values ('1', '0901', '虚拟核心多处理', 9, 20000, 1, 10000);

insert into HT_TBL_MISSION_CFG (MISSION_TYPE, MISSION_INDEX, MISSION_NAME, MISSION_LEVEL, DATA_NUM, COMMIT_FLAG, COMMIT_NUM) values ('1', '2201', '对账结果到清分准备表', 22, 20000, 1, 10000);
insert into HT_TBL_MISSION_CFG (MISSION_TYPE, MISSION_INDEX, MISSION_NAME, MISSION_LEVEL, DATA_NUM, COMMIT_FLAG, COMMIT_NUM) values ('1', '4101', '清算', 41, 20000, 1, 10000);
insert into HT_TBL_MISSION_CFG (MISSION_TYPE, MISSION_INDEX, MISSION_NAME, MISSION_LEVEL, DATA_NUM, COMMIT_FLAG, COMMIT_NUM) values ('1', '5101', '清分', 51, 20000, 1, 10000);
insert into HT_TBL_MISSION_CFG (MISSION_TYPE, MISSION_INDEX, MISSION_NAME, MISSION_LEVEL, DATA_NUM, COMMIT_FLAG, COMMIT_NUM) values ('1', '5502', '商户入账数据准备确认', 55, 20000, 1, 10000);
insert into HT_TBL_MISSION_CFG (MISSION_TYPE, MISSION_INDEX, MISSION_NAME, MISSION_LEVEL, DATA_NUM, COMMIT_FLAG, COMMIT_NUM) values ('1', '9901', '日切', 0, 1, 1, 1);

insert into HT_TBL_MISSION_CFG (MISSION_TYPE, MISSION_INDEX, MISSION_NAME, MISSION_LEVEL, DATA_NUM, COMMIT_FLAG, COMMIT_NUM) values ('2', '0100', '支付网关流水导入确认', 1, 1, 1, 1);
insert into HT_TBL_MISSION_CFG (MISSION_TYPE, MISSION_INDEX, MISSION_NAME, MISSION_LEVEL, DATA_NUM, COMMIT_FLAG, COMMIT_NUM) values ('2', '0104', '获取微信流水文件', 2, 1, 1, 1);

insert into HT_TBL_MISSION_CFG (MISSION_TYPE, MISSION_INDEX, MISSION_NAME, MISSION_LEVEL, DATA_NUM, COMMIT_FLAG, COMMIT_NUM) values ('2', '0404', '导入微信流水文件', 4, 20000, 1, 10000);

insert into HT_TBL_MISSION_CFG (MISSION_TYPE, MISSION_INDEX, MISSION_NAME, MISSION_LEVEL, DATA_NUM, COMMIT_FLAG, COMMIT_NUM) values ('2', '0703', '微信渠道交易对账', 7, 20000, 1, 10000);
insert into HT_TBL_MISSION_CFG (MISSION_TYPE, MISSION_INDEX, MISSION_NAME, MISSION_LEVEL, DATA_NUM, COMMIT_FLAG, COMMIT_NUM) values ('2', '0803', '微信多处理', 8, 20000, 1, 10000);
insert into HT_TBL_MISSION_CFG (MISSION_TYPE, MISSION_INDEX, MISSION_NAME, MISSION_LEVEL, DATA_NUM, COMMIT_FLAG, COMMIT_NUM) values ('2', '0901', '虚拟核心多处理', 9, 20000, 1, 10000);

insert into HT_TBL_MISSION_CFG (MISSION_TYPE, MISSION_INDEX, MISSION_NAME, MISSION_LEVEL, DATA_NUM, COMMIT_FLAG, COMMIT_NUM) values ('2', '2201', '对账结果到清分准备表', 22, 20000, 1, 10000);
insert into HT_TBL_MISSION_CFG (MISSION_TYPE, MISSION_INDEX, MISSION_NAME, MISSION_LEVEL, DATA_NUM, COMMIT_FLAG, COMMIT_NUM) values ('2', '4101', '清算', 41, 20000, 1, 10000);
insert into HT_TBL_MISSION_CFG (MISSION_TYPE, MISSION_INDEX, MISSION_NAME, MISSION_LEVEL, DATA_NUM, COMMIT_FLAG, COMMIT_NUM) values ('2', '5101', '清分', 51, 20000, 1, 10000);
insert into HT_TBL_MISSION_CFG (MISSION_TYPE, MISSION_INDEX, MISSION_NAME, MISSION_LEVEL, DATA_NUM, COMMIT_FLAG, COMMIT_NUM) values ('2', '5502', '商户入账数据准备确认', 55, 20000, 1, 10000);
insert into HT_TBL_MISSION_CFG (MISSION_TYPE, MISSION_INDEX, MISSION_NAME, MISSION_LEVEL, DATA_NUM, COMMIT_FLAG, COMMIT_NUM) values ('2', '9901', '日切', 0, 1, 1, 1);


insert into HT_TBL_MISSION_CFG (MISSION_TYPE, MISSION_INDEX, MISSION_NAME, MISSION_LEVEL, DATA_NUM, COMMIT_FLAG, COMMIT_NUM) values ('3', '0101', '获取网关流水文件', 1, 1, 1, 1);
insert into HT_TBL_MISSION_CFG (MISSION_TYPE, MISSION_INDEX, MISSION_NAME, MISSION_LEVEL, DATA_NUM, COMMIT_FLAG, COMMIT_NUM) values ('3', '0102', '获取核心流水文件', 1, 1, 1, 1);
insert into HT_TBL_MISSION_CFG (MISSION_TYPE, MISSION_INDEX, MISSION_NAME, MISSION_LEVEL, DATA_NUM, COMMIT_FLAG, COMMIT_NUM) values ('3', '0130', '获取支付网关风控文件', 1, 1, 1, 1);

insert into HT_TBL_MISSION_CFG (MISSION_TYPE, MISSION_INDEX, MISSION_NAME, MISSION_LEVEL, DATA_NUM, COMMIT_FLAG, COMMIT_NUM) values ('3', '0401', '导入支付网关流水文件', 4, 20000, 1, 10000);
insert into HT_TBL_MISSION_CFG (MISSION_TYPE, MISSION_INDEX, MISSION_NAME, MISSION_LEVEL, DATA_NUM, COMMIT_FLAG, COMMIT_NUM) values ('3', '0402', '导入核心流水文件', 4, 20000, 1, 10000);
insert into HT_TBL_MISSION_CFG (MISSION_TYPE, MISSION_INDEX, MISSION_NAME, MISSION_LEVEL, DATA_NUM, COMMIT_FLAG, COMMIT_NUM) values ('3', '0421', '导入支付网关风控文件', 4, 20000, 1, 10000);

insert into HT_TBL_MISSION_CFG (MISSION_TYPE, MISSION_INDEX, MISSION_NAME, MISSION_LEVEL, DATA_NUM, COMMIT_FLAG, COMMIT_NUM) values ('3', '0701', '支付网关与核心对账', 7, 20000, 1, 10000);

insert into HT_TBL_MISSION_CFG (MISSION_TYPE, MISSION_INDEX, MISSION_NAME, MISSION_LEVEL, DATA_NUM, COMMIT_FLAG, COMMIT_NUM) values ('3', '0901', '虚拟核心多处理', 9, 20000, 1, 10000);

insert into HT_TBL_MISSION_CFG (MISSION_TYPE, MISSION_INDEX, MISSION_NAME, MISSION_LEVEL, DATA_NUM, COMMIT_FLAG, COMMIT_NUM) values ('3', '2201', '对账结果到清分准备表', 22, 20000, 1, 10000);
insert into HT_TBL_MISSION_CFG (MISSION_TYPE, MISSION_INDEX, MISSION_NAME, MISSION_LEVEL, DATA_NUM, COMMIT_FLAG, COMMIT_NUM) values ('3', '4101', '清算', 41, 20000, 1, 10000);
insert into HT_TBL_MISSION_CFG (MISSION_TYPE, MISSION_INDEX, MISSION_NAME, MISSION_LEVEL, DATA_NUM, COMMIT_FLAG, COMMIT_NUM) values ('3', '5101', '清分', 51, 20000, 1, 10000);
insert into HT_TBL_MISSION_CFG (MISSION_TYPE, MISSION_INDEX, MISSION_NAME, MISSION_LEVEL, DATA_NUM, COMMIT_FLAG, COMMIT_NUM) values ('3', '5500', '清分确认', 54, 20000, 1, 10000);
insert into HT_TBL_MISSION_CFG (MISSION_TYPE, MISSION_INDEX, MISSION_NAME, MISSION_LEVEL, DATA_NUM, COMMIT_FLAG, COMMIT_NUM) values ('3', '5501', '商户入账数据准备', 55, 20000, 1, 10000);
insert into HT_TBL_MISSION_CFG (MISSION_TYPE, MISSION_INDEX, MISSION_NAME, MISSION_LEVEL, DATA_NUM, COMMIT_FLAG, COMMIT_NUM) values ('3', '9901', '日切', 0, 1, 1, 1);

insert into HT_TBL_MISSION_CFG (MISSION_TYPE, MISSION_INDEX, MISSION_NAME, MISSION_LEVEL, DATA_NUM, COMMIT_FLAG, COMMIT_NUM) values ('4', '0100', '支付网关流水导入确认', 1, 1, 1, 1);
insert into HT_TBL_MISSION_CFG (MISSION_TYPE, MISSION_INDEX, MISSION_NAME, MISSION_LEVEL, DATA_NUM, COMMIT_FLAG, COMMIT_NUM) values ('4', '0105', '获取兴业银行流水文件', 1, 1, 1, 1);

insert into HT_TBL_MISSION_CFG (MISSION_TYPE, MISSION_INDEX, MISSION_NAME, MISSION_LEVEL, DATA_NUM, COMMIT_FLAG, COMMIT_NUM) values ('4', '0405', '导入兴业银行捷入账回单文件', 4, 20000, 1, 10000);
insert into HT_TBL_MISSION_CFG (MISSION_TYPE, MISSION_INDEX, MISSION_NAME, MISSION_LEVEL, DATA_NUM, COMMIT_FLAG, COMMIT_NUM) values ('4', '0407', '导入兴业银行捷出账回单文件', 5, 20000, 1, 10000);

insert into HT_TBL_MISSION_CFG (MISSION_TYPE, MISSION_INDEX, MISSION_NAME, MISSION_LEVEL, DATA_NUM, COMMIT_FLAG, COMMIT_NUM) values ('4', '0702', '支付网关与兴业银行对账', 7, 20000, 1, 10000);

insert into HT_TBL_MISSION_CFG (MISSION_TYPE, MISSION_INDEX, MISSION_NAME, MISSION_LEVEL, DATA_NUM, COMMIT_FLAG, COMMIT_NUM) values ('4', '0802', '兴业银行多处理', 9, 20000, 1, 10000);
insert into HT_TBL_MISSION_CFG (MISSION_TYPE, MISSION_INDEX, MISSION_NAME, MISSION_LEVEL, DATA_NUM, COMMIT_FLAG, COMMIT_NUM) values ('4', '0901', '虚拟核心多处理', 9, 20000, 1, 10000);

insert into HT_TBL_MISSION_CFG (MISSION_TYPE, MISSION_INDEX, MISSION_NAME, MISSION_LEVEL, DATA_NUM, COMMIT_FLAG, COMMIT_NUM) values ('4', '2201', '对账结果到清分准备表', 22, 20000, 1, 10000);
insert into HT_TBL_MISSION_CFG (MISSION_TYPE, MISSION_INDEX, MISSION_NAME, MISSION_LEVEL, DATA_NUM, COMMIT_FLAG, COMMIT_NUM) values ('4', '4101', '清算', 41, 20000, 1, 10000);
insert into HT_TBL_MISSION_CFG (MISSION_TYPE, MISSION_INDEX, MISSION_NAME, MISSION_LEVEL, DATA_NUM, COMMIT_FLAG, COMMIT_NUM) values ('4', '5101', '清分', 51, 20000, 1, 10000);
insert into HT_TBL_MISSION_CFG (MISSION_TYPE, MISSION_INDEX, MISSION_NAME, MISSION_LEVEL, DATA_NUM, COMMIT_FLAG, COMMIT_NUM) values ('4', '5502', '商户入账数据准备确认', 55, 20000, 1, 10000);
insert into HT_TBL_MISSION_CFG (MISSION_TYPE, MISSION_INDEX, MISSION_NAME, MISSION_LEVEL, DATA_NUM, COMMIT_FLAG, COMMIT_NUM) values ('4', '9901', '日切', 0, 1, 1, 1);

insert into HT_TBL_MISSION_CFG (MISSION_TYPE, MISSION_INDEX, MISSION_NAME, MISSION_LEVEL, DATA_NUM, COMMIT_FLAG, COMMIT_NUM) values ('5', '0100', '支付网关流水导入确认', 1, 1, 1, 1);
insert into HT_TBL_MISSION_CFG (MISSION_TYPE, MISSION_INDEX, MISSION_NAME, MISSION_LEVEL, DATA_NUM, COMMIT_FLAG, COMMIT_NUM) values ('5', '0106', '获取兴业银行流水文件', 1, 1, 1, 1);

insert into HT_TBL_MISSION_CFG (MISSION_TYPE, MISSION_INDEX, MISSION_NAME, MISSION_LEVEL, DATA_NUM, COMMIT_FLAG, COMMIT_NUM) values ('5', '0406', '导入兴业银行网关支付入账回单', 4, 20000, 1, 10000);
insert into HT_TBL_MISSION_CFG (MISSION_TYPE, MISSION_INDEX, MISSION_NAME, MISSION_LEVEL, DATA_NUM, COMMIT_FLAG, COMMIT_NUM) values ('5', '0408', '导入兴业银行网关支付出账回单', 5, 20000, 1, 10000);

insert into HT_TBL_MISSION_CFG (MISSION_TYPE, MISSION_INDEX, MISSION_NAME, MISSION_LEVEL, DATA_NUM, COMMIT_FLAG, COMMIT_NUM) values ('5', '0702', '支付网关与兴业银行对账', 7, 20000, 1, 10000);

insert into HT_TBL_MISSION_CFG (MISSION_TYPE, MISSION_INDEX, MISSION_NAME, MISSION_LEVEL, DATA_NUM, COMMIT_FLAG, COMMIT_NUM) values ('5', '0802', '兴业银行多处理', 9, 20000, 1, 10000);
insert into HT_TBL_MISSION_CFG (MISSION_TYPE, MISSION_INDEX, MISSION_NAME, MISSION_LEVEL, DATA_NUM, COMMIT_FLAG, COMMIT_NUM) values ('5', '0901', '虚拟核心多处理', 9, 20000, 1, 10000);

insert into HT_TBL_MISSION_CFG (MISSION_TYPE, MISSION_INDEX, MISSION_NAME, MISSION_LEVEL, DATA_NUM, COMMIT_FLAG, COMMIT_NUM) values ('5', '2201', '对账结果到清分准备表', 22, 20000, 1, 10000);
insert into HT_TBL_MISSION_CFG (MISSION_TYPE, MISSION_INDEX, MISSION_NAME, MISSION_LEVEL, DATA_NUM, COMMIT_FLAG, COMMIT_NUM) values ('5', '4101', '清算', 41, 20000, 1, 10000);
insert into HT_TBL_MISSION_CFG (MISSION_TYPE, MISSION_INDEX, MISSION_NAME, MISSION_LEVEL, DATA_NUM, COMMIT_FLAG, COMMIT_NUM) values ('5', '5101', '清分', 51, 20000, 1, 10000);
insert into HT_TBL_MISSION_CFG (MISSION_TYPE, MISSION_INDEX, MISSION_NAME, MISSION_LEVEL, DATA_NUM, COMMIT_FLAG, COMMIT_NUM) values ('5', '5502', '商户入账数据准备确认', 55, 20000, 1, 10000);
insert into HT_TBL_MISSION_CFG (MISSION_TYPE, MISSION_INDEX, MISSION_NAME, MISSION_LEVEL, DATA_NUM, COMMIT_FLAG, COMMIT_NUM) values ('5', '9901', '日切', 0, 1, 1, 1);

insert into HT_TBL_BRH_INFO (BRH_ID, CUP_BRH_ID, BRH_LEVEL, DESCR) values ('100001    ', '03090000  ', '1', '支付宝支付批次');
insert into HT_TBL_BRH_INFO (BRH_ID, CUP_BRH_ID, BRH_LEVEL, DESCR) values ('100002    ', '03090000  ', '2', '微信支付批次');
insert into HT_TBL_BRH_INFO (BRH_ID, CUP_BRH_ID, BRH_LEVEL, DESCR) values ('100003    ', '03090000  ', '3', '星民易付批次');
insert into HT_TBL_BRH_INFO (BRH_ID, CUP_BRH_ID, BRH_LEVEL, DESCR) values ('100004    ', '03090000  ', '4', '兴业银行(快捷支付)批次');
insert into HT_TBL_BRH_INFO (BRH_ID, CUP_BRH_ID, BRH_LEVEL, DESCR) values ('100005    ', '03090000  ', '5', '兴业银行(网银支付)批次');

insert into HT_TBL_BRH_MAP(BUS_TP, BRH_ID, DESCR) values('03042000', '100001', '支付宝支付批次');
insert into HT_TBL_BRH_MAP(BUS_TP, BRH_ID, DESCR) values('03032000', '100002', '微信支付批次');
insert into HT_TBL_BRH_MAP(BUS_TP, BRH_ID, DESCR) values('03041000', '100001', '支付宝支付批次--test');
insert into HT_TBL_BRH_MAP(BUS_TP, BRH_ID, DESCR) values('03031000', '100002', '微信支付批次--test');
insert into HT_TBL_BRH_MAP(BUS_TP, BRH_ID, DESCR) values('04001000', '100003', '星民易付批次');
insert into HT_TBL_BRH_MAP(BUS_TP, BRH_ID, DESCR) values('03011000', '100004', '兴业银行(快捷支付)批次');
insert into HT_TBL_BRH_MAP(BUS_TP, BRH_ID, DESCR) values('03021000', '100005', '兴业银行(网银支付)批次');

insert into HT_TBL_DATE_INF (INTER_BRH_CODE, STODAY, STWODAYSAGO, SYESTERDAY, SNEXTDATE, SSTARTDATE, SFORESTARTDATE, STATUS) values ('100001    ', '20170726', '20170724', '20170725', '20170727', '20170726', '20170726', 0);
insert into HT_TBL_DATE_INF (INTER_BRH_CODE, STODAY, STWODAYSAGO, SYESTERDAY, SNEXTDATE, SSTARTDATE, SFORESTARTDATE, STATUS) values ('100002    ', '20170726', '20170724', '20170725', '20170727', '20170726', '20170726', 0);
insert into HT_TBL_DATE_INF (INTER_BRH_CODE, STODAY, STWODAYSAGO, SYESTERDAY, SNEXTDATE, SSTARTDATE, SFORESTARTDATE, STATUS) values ('100003    ', '20170726', '20170724', '20170725', '20170727', '20170726', '20170726', 0);
insert into HT_TBL_DATE_INF (INTER_BRH_CODE, STODAY, STWODAYSAGO, SYESTERDAY, SNEXTDATE, SSTARTDATE, SFORESTARTDATE, STATUS) values ('100004    ', '20170726', '20170724', '20170725', '20170727', '20170726', '20170726', 0);
insert into HT_TBL_DATE_INF (INTER_BRH_CODE, STODAY, STWODAYSAGO, SYESTERDAY, SNEXTDATE, SSTARTDATE, SFORESTARTDATE, STATUS) values ('100005    ', '20170726', '20170724', '20170725', '20170727', '20170726', '20170726', 0);
insert into HT_TBL_DATE_INF (INTER_BRH_CODE, STODAY, STWODAYSAGO, SYESTERDAY, SNEXTDATE, SSTARTDATE, SFORESTARTDATE, STATUS) values ('200000    ', '20170726', '20170724', '20170725', '20170727', '20170726', '20170726', 0);
insert into HT_TBL_DATE_INF (INTER_BRH_CODE, STODAY, STWODAYSAGO, SYESTERDAY, SNEXTDATE, SSTARTDATE, SFORESTARTDATE, STATUS) values ('200001    ', '20170726', '20170724', '20170725', '20170727', '20170726', '20170726', 0);
insert into HT_TBL_DATE_INF (INTER_BRH_CODE, STODAY, STWODAYSAGO, SYESTERDAY, SNEXTDATE, SSTARTDATE, SFORESTARTDATE, STATUS) values ('200002    ', '20170726', '20170724', '20170725', '20170727', '20170726', '20170726', 0);
insert into HT_TBL_DATE_INF (INTER_BRH_CODE, STODAY, STWODAYSAGO, SYESTERDAY, SNEXTDATE, SSTARTDATE, SFORESTARTDATE, STATUS) values ('200003    ', '20170726', '20170724', '20170725', '20170727', '20170726', '20170726', 0);

insert into HT_TBL_MISSION_TIME (INTER_BRH_CODE, MISSION_INDEX, MISSION_NAME, MISSION_DATE, MISSION_WEEKDAY, MISSION_HOUR, MISSION_DATE_ADJ, DATA_NUM, CHILD_NUM, COMMIT_FLAG, COMMIT_NUM) values ('100001    ', '9029', '初始化临时表', '*       ', '*', '23', 30, 1, 1, 1, 1);
insert into HT_TBL_MISSION_TIME (INTER_BRH_CODE, MISSION_INDEX, MISSION_NAME, MISSION_DATE, MISSION_WEEKDAY, MISSION_HOUR, MISSION_DATE_ADJ, DATA_NUM, CHILD_NUM, COMMIT_FLAG, COMMIT_NUM) values ('100001    ', '9030', '初始化数据库表序列', '*       ', '*', '23', 1, 1, 1, 1, 1);

insert into HT_TBL_MISSION_TIME (INTER_BRH_CODE, MISSION_INDEX, MISSION_NAME, MISSION_DATE, MISSION_WEEKDAY, MISSION_HOUR, MISSION_DATE_ADJ, DATA_NUM, CHILD_NUM, COMMIT_FLAG, COMMIT_NUM) values ('100001    ', '9003', '获取支付宝流水文件', '*       ', '*', '02', 30, 1, 1, 1, 1);
insert into HT_TBL_MISSION_TIME (INTER_BRH_CODE, MISSION_INDEX, MISSION_NAME, MISSION_DATE, MISSION_WEEKDAY, MISSION_HOUR, MISSION_DATE_ADJ, DATA_NUM, CHILD_NUM, COMMIT_FLAG, COMMIT_NUM) values ('100002    ', '9004', '获取微信流水文件', '*       ', '*', '02', 30, 1, 1, 1, 1);
insert into HT_TBL_MISSION_TIME (INTER_BRH_CODE, MISSION_INDEX, MISSION_NAME, MISSION_DATE, MISSION_WEEKDAY, MISSION_HOUR, MISSION_DATE_ADJ, DATA_NUM, CHILD_NUM, COMMIT_FLAG, COMMIT_NUM) values ('100004    ', '9005', '下载兴业银行对账文件', '*       ', '*', '02', 1, 1, 1, 1, 1);
insert into HT_TBL_MISSION_TIME (INTER_BRH_CODE, MISSION_INDEX, MISSION_NAME, MISSION_DATE, MISSION_WEEKDAY, MISSION_HOUR, MISSION_DATE_ADJ, DATA_NUM, CHILD_NUM, COMMIT_FLAG, COMMIT_NUM) values ('100005    ', '9006', '下载兴业银行对账文件', '*       ', '*', '02', 30, 1, 1, 1, 1);

insert into HT_TBL_OPR_CTL (TBL_OPR_FLAG, OBJECT_NAME, PARAM_1, PARAM_2, PARAM_3, PARAM_4) values (3, 'TBL_GATEWAY_TXN_SEQ_ID                                      ', '-                                                           ', '-                                                           ', '-                                                           ', '-                                                           ');
insert into HT_TBL_OPR_CTL (TBL_OPR_FLAG, OBJECT_NAME, PARAM_1, PARAM_2, PARAM_3, PARAM_4) values (3, 'TBL_HOST_TXN_SEQ_ID                                         ', '-                                                           ', '-                                                           ', '-                                                           ', '-                                                           ');
insert into HT_TBL_OPR_CTL (TBL_OPR_FLAG, OBJECT_NAME, PARAM_1, PARAM_2, PARAM_3, PARAM_4) values (3, 'TBL_RISK_TXN_SEQ_ID                                         ', '-                                                           ', '-                                                           ', '-                                                           ', '-                                                           ');
insert into HT_TBL_OPR_CTL (TBL_OPR_FLAG, OBJECT_NAME, PARAM_1, PARAM_2, PARAM_3, PARAM_4) values (3, 'TBL_ERR_FLOW_SEQ_ID                                         ', '-                                                           ', '-                                                           ', '-                                                           ', '-                                                           ');
insert into HT_TBL_OPR_CTL (TBL_OPR_FLAG, OBJECT_NAME, PARAM_1, PARAM_2, PARAM_3, PARAM_4) values (3, 'TBL_CMP_FLOW_SEQ_ID                                         ', '-                                                           ', '-                                                           ', '-                                                           ', '-                                                           ');
insert into HT_TBL_OPR_CTL (TBL_OPR_FLAG, OBJECT_NAME, PARAM_1, PARAM_2, PARAM_3, PARAM_4) values (3, 'TBL_DAT_FLOW_SEQ_ID                                         ', '-                                                           ', '-                                                           ', '-                                                           ', '-                                                           ');
insert into HT_TBL_OPR_CTL (TBL_OPR_FLAG, OBJECT_NAME, PARAM_1, PARAM_2, PARAM_3, PARAM_4) values (3, 'TBL_SETT_FLOW_SEQ_ID                                        ', '-                                                           ', '-                                                           ', '-                                                           ', '-                                                           ');
insert into HT_TBL_OPR_CTL (TBL_OPR_FLAG, OBJECT_NAME, PARAM_1, PARAM_2, PARAM_3, PARAM_4) values (3, 'TBL_SETT_RSLT_SEQ_ID                                        ', '-                                                           ', '-                                                           ', '-                                                           ', '-                                                           ');
insert into HT_TBL_OPR_CTL (TBL_OPR_FLAG, OBJECT_NAME, PARAM_1, PARAM_2, PARAM_3, PARAM_4) values (3, 'TBL_ACCT_RSLT_SEQ_ID                                        ', '-                                                           ', '-                                                           ', '-                                                           ', '-                                                           ');
insert into HT_TBL_OPR_CTL (TBL_OPR_FLAG, OBJECT_NAME, PARAM_1, PARAM_2, PARAM_3, PARAM_4) values (3, 'TBL_ALIPAY_TXN_SEQ_ID                                      ', '-                                                           ', '-                                                           ', '-                                                           ', '-                                                           ');
insert into HT_TBL_OPR_CTL (TBL_OPR_FLAG, OBJECT_NAME, PARAM_1, PARAM_2, PARAM_3, PARAM_4) values (3, 'TBL_WECHAT_TXN_SEQ_ID                                       ', '-                                                           ', '-                                                           ', '-                                                           ', '-                                                           ');
insert into HT_TBL_OPR_CTL (TBL_OPR_FLAG, OBJECT_NAME, PARAM_1, PARAM_2, PARAM_3, PARAM_4) values (3, 'TBL_CIB_TXN_SEQ_ID                                       ', '-                                                           ', '-                                                           ', '-                                                           ', '-                                                           ');
insert into HT_TBL_OPR_CTL (TBL_OPR_FLAG, OBJECT_NAME, PARAM_1, PARAM_2, PARAM_3, PARAM_4) values (3, 'TBL_SETT_LIST_SEQ_ID                                       ', '-                                                           ', '-                                                           ', '-                                                           ', '-                                                           ');
insert into HT_TBL_OPR_CTL (TBL_OPR_FLAG, OBJECT_NAME, PARAM_1, PARAM_2, PARAM_3, PARAM_4) values (3, 'TBL_WIFT_TXN_SEQ_ID                                       ', '-                                                           ', '-                                                           ', '-                                                           ', '-                                                           ');
insert into HT_TBL_OPR_CTL (TBL_OPR_FLAG, OBJECT_NAME, PARAM_1, PARAM_2, PARAM_3, PARAM_4) values (3, 'TBL_ACTIVE_MCHT_SEQ_ID', '-                                                           ', '-                                                           ', '-                                                           ', '-                                                           ');


--清算算法
insert into HT_TBL_ALGO_CTL (ID, BUS_TP, TXN_NUM, BUS_NAME, TXN_NAME, C_D_FLAG, STLM_FLAG, REC_UPD_OPR, REC_CRT_TS, REC_UPD_TS) values (1, '04001000', '1001', '星民易付渠道', '消费交易', '1', '1         ', 'wyl', '20110718102000', '20110718102000');
insert into HT_TBL_ALGO_CTL (ID, BUS_TP, TXN_NUM, BUS_NAME, TXN_NAME, C_D_FLAG, STLM_FLAG, REC_UPD_OPR, REC_CRT_TS, REC_UPD_TS) values (2, '04001000', '5001', '星民易付渠道', '退货交易', '0', '1         ', 'wyl', '20110718102000', '20110718102000');
insert into HT_TBL_ALGO_CTL (ID, BUS_TP, TXN_NUM, BUS_NAME, TXN_NAME, C_D_FLAG, STLM_FLAG, REC_UPD_OPR, REC_CRT_TS, REC_UPD_TS) values (3, '04001000', '1201', '星民易付渠道', '充值交易', '1', '1         ', 'wyl', '20110718102000', '20110718102000');
insert into HT_TBL_ALGO_CTL (ID, BUS_TP, TXN_NUM, BUS_NAME, TXN_NAME, C_D_FLAG, STLM_FLAG, REC_UPD_OPR, REC_CRT_TS, REC_UPD_TS) values (4, '04001000', '1301', '星民易付渠道', '提现交易', '0', '1         ', 'wyl', '20110718102000', '20110718102000');

insert into HT_TBL_ALGO_CTL (ID, BUS_TP, TXN_NUM, BUS_NAME, TXN_NAME, C_D_FLAG, STLM_FLAG, REC_UPD_OPR, REC_CRT_TS, REC_UPD_TS) values (5, '03011000', '1001', '兴业-快捷支付渠道', '消费交易', '1', '1         ', 'wyl', '20110718102000', '20110718102000');
insert into HT_TBL_ALGO_CTL (ID, BUS_TP, TXN_NUM, BUS_NAME, TXN_NAME, C_D_FLAG, STLM_FLAG, REC_UPD_OPR, REC_CRT_TS, REC_UPD_TS) values (6, '03011000', '5001', '兴业-快捷支付渠道', '退货交易', '0', '1         ', 'wyl', '20110718102000', '20110718102000');
insert into HT_TBL_ALGO_CTL (ID, BUS_TP, TXN_NUM, BUS_NAME, TXN_NAME, C_D_FLAG, STLM_FLAG, REC_UPD_OPR, REC_CRT_TS, REC_UPD_TS) values (7, '03011000', '1201', '兴业-快捷支付渠道', '充值交易', '1', '1         ', 'wyl', '20110718102000', '20110718102000');
insert into HT_TBL_ALGO_CTL (ID, BUS_TP, TXN_NUM, BUS_NAME, TXN_NAME, C_D_FLAG, STLM_FLAG, REC_UPD_OPR, REC_CRT_TS, REC_UPD_TS) values (8, '03011000', '1301', '兴业-快捷支付渠道', '提现交易', '0', '1         ', 'wyl', '20110718102000', '20110718102000');

insert into HT_TBL_ALGO_CTL (ID, BUS_TP, TXN_NUM, BUS_NAME, TXN_NAME, C_D_FLAG, STLM_FLAG, REC_UPD_OPR, REC_CRT_TS, REC_UPD_TS) values (9, '03021000', '1001', '兴业-网关支付渠道', '消费交易', '1', '1         ', 'wyl', '20110718102000', '20110718102000');
insert into HT_TBL_ALGO_CTL (ID, BUS_TP, TXN_NUM, BUS_NAME, TXN_NAME, C_D_FLAG, STLM_FLAG, REC_UPD_OPR, REC_CRT_TS, REC_UPD_TS) values (10, '03021000', '5001', '兴业-网关支付渠道', '退货交易', '0', '1         ', 'wyl', '20110718102000', '20110718102000');
insert into HT_TBL_ALGO_CTL (ID, BUS_TP, TXN_NUM, BUS_NAME, TXN_NAME, C_D_FLAG, STLM_FLAG, REC_UPD_OPR, REC_CRT_TS, REC_UPD_TS) values (11, '03021000', '1201', '兴业-网关支付渠道', '充值交易', '1', '1         ', 'wyl', '20110718102000', '20110718102000');
insert into HT_TBL_ALGO_CTL (ID, BUS_TP, TXN_NUM, BUS_NAME, TXN_NAME, C_D_FLAG, STLM_FLAG, REC_UPD_OPR, REC_CRT_TS, REC_UPD_TS) values (12, '03021000', '1301', '兴业-网关支付渠道', '提现交易', '0', '1         ', 'wyl', '20110718102000', '20110718102000');

insert into HT_TBL_ALGO_CTL (ID, BUS_TP, TXN_NUM, BUS_NAME, TXN_NAME, C_D_FLAG, STLM_FLAG, REC_UPD_OPR, REC_CRT_TS, REC_UPD_TS) values (13, '03042000', '1001', '兴业-支付宝支付渠道', '消费交易', '1', '1         ', 'wyl', '20110718102000', '20110718102000');
insert into HT_TBL_ALGO_CTL (ID, BUS_TP, TXN_NUM, BUS_NAME, TXN_NAME, C_D_FLAG, STLM_FLAG, REC_UPD_OPR, REC_CRT_TS, REC_UPD_TS) values (14, '03042000', '5001', '兴业-支付宝支付渠道', '退货交易', '0', '1         ', 'wyl', '20110718102000', '20110718102000');
insert into HT_TBL_ALGO_CTL (ID, BUS_TP, TXN_NUM, BUS_NAME, TXN_NAME, C_D_FLAG, STLM_FLAG, REC_UPD_OPR, REC_CRT_TS, REC_UPD_TS) values (15, '03042000', '1201', '兴业-支付宝支付渠道', '充值交易', '1', '1         ', 'wyl', '20110718102000', '20110718102000');
insert into HT_TBL_ALGO_CTL (ID, BUS_TP, TXN_NUM, BUS_NAME, TXN_NAME, C_D_FLAG, STLM_FLAG, REC_UPD_OPR, REC_CRT_TS, REC_UPD_TS) values (16, '03042000', '1301', '兴业-支付宝支付渠道', '提现交易', '0', '1         ', 'wyl', '20110718102000', '20110718102000');

insert into HT_TBL_ALGO_CTL (ID, BUS_TP, TXN_NUM, BUS_NAME, TXN_NAME, C_D_FLAG, STLM_FLAG, REC_UPD_OPR, REC_CRT_TS, REC_UPD_TS) values (17, '03032000', '1001', '兴业-微信支付渠道', '消费交易', '1', '1         ', 'wyl', '20110718102000', '20110718102000');
insert into HT_TBL_ALGO_CTL (ID, BUS_TP, TXN_NUM, BUS_NAME, TXN_NAME, C_D_FLAG, STLM_FLAG, REC_UPD_OPR, REC_CRT_TS, REC_UPD_TS) values (18, '03032000', '5001', '兴业-微信支付渠道', '退货交易', '0', '1         ', 'wyl', '20110718102000', '20110718102000');
insert into HT_TBL_ALGO_CTL (ID, BUS_TP, TXN_NUM, BUS_NAME, TXN_NAME, C_D_FLAG, STLM_FLAG, REC_UPD_OPR, REC_CRT_TS, REC_UPD_TS) values (19, '03032000', '1201', '兴业-微信支付渠道', '充值交易', '1', '1         ', 'wyl', '20110718102000', '20110718102000');
insert into HT_TBL_ALGO_CTL (ID, BUS_TP, TXN_NUM, BUS_NAME, TXN_NAME, C_D_FLAG, STLM_FLAG, REC_UPD_OPR, REC_CRT_TS, REC_UPD_TS) values (20, '03032000', '1301', '兴业-微信支付渠道', '提现交易', '0', '1         ', 'wyl', '20110718102000', '20110718102000');

insert into HT_TBL_TXN_ALGO_RULE (BUS_TP, TXN_NUM, MATCHSTR, ALGO_ID, PARAM_FLAG, REC_OPR_ID, REC_UPD_OPR, REC_CRT_TS, REC_UPD_TS) values ('04001000', '1001', '*', '6000 ', '00000000000000000000000000000000', 'I', 'wyl', '20110718102000', '20110718102000');
insert into HT_TBL_TXN_ALGO_RULE (BUS_TP, TXN_NUM, MATCHSTR, ALGO_ID, PARAM_FLAG, REC_OPR_ID, REC_UPD_OPR, REC_CRT_TS, REC_UPD_TS) values ('04001000', '5001', '*', '6000 ', '00000000000000000000000000000000', 'I', 'wyl', '20110718102000', '20110718102000');
insert into HT_TBL_TXN_ALGO_RULE (BUS_TP, TXN_NUM, MATCHSTR, ALGO_ID, PARAM_FLAG, REC_OPR_ID, REC_UPD_OPR, REC_CRT_TS, REC_UPD_TS) values ('04001000', '1201', '*', '6000 ', '00000000000000000000000000000000', 'I', 'wyl', '20110718102000', '20110718102000');
insert into HT_TBL_TXN_ALGO_RULE (BUS_TP, TXN_NUM, MATCHSTR, ALGO_ID, PARAM_FLAG, REC_OPR_ID, REC_UPD_OPR, REC_CRT_TS, REC_UPD_TS) values ('04001000', '1301', '*', '7000 ', '00000000000000000000000000000000', 'I', 'wyl', '20110718102000', '20110718102000');

insert into HT_TBL_TXN_ALGO_RULE (BUS_TP, TXN_NUM, MATCHSTR, ALGO_ID, PARAM_FLAG, REC_OPR_ID, REC_UPD_OPR, REC_CRT_TS, REC_UPD_TS) values ('03011000', '1001', '*', '6000 ', '00000000000000000000000000000000', 'I', 'wyl', '20110718102000', '20110718102000');
insert into HT_TBL_TXN_ALGO_RULE (BUS_TP, TXN_NUM, MATCHSTR, ALGO_ID, PARAM_FLAG, REC_OPR_ID, REC_UPD_OPR, REC_CRT_TS, REC_UPD_TS) values ('03011000', '5001', '*', '6000 ', '00000000000000000000000000000000', 'I', 'wyl', '20110718102000', '20110718102000');
insert into HT_TBL_TXN_ALGO_RULE (BUS_TP, TXN_NUM, MATCHSTR, ALGO_ID, PARAM_FLAG, REC_OPR_ID, REC_UPD_OPR, REC_CRT_TS, REC_UPD_TS) values ('03011000', '1201', '*', '6000 ', '00000000000000000000000000000000', 'I', 'wyl', '20110718102000', '20110718102000');
insert into HT_TBL_TXN_ALGO_RULE (BUS_TP, TXN_NUM, MATCHSTR, ALGO_ID, PARAM_FLAG, REC_OPR_ID, REC_UPD_OPR, REC_CRT_TS, REC_UPD_TS) values ('03011000', '1301', '*', '7000 ', '00000000000000000000000000000000', 'I', 'wyl', '20110718102000', '20110718102000');

insert into HT_TBL_TXN_ALGO_RULE (BUS_TP, TXN_NUM, MATCHSTR, ALGO_ID, PARAM_FLAG, REC_OPR_ID, REC_UPD_OPR, REC_CRT_TS, REC_UPD_TS) values ('03021000', '1001', '*', '6000 ', '00000000000000000000000000000000', 'I', 'wyl', '20110718102000', '20110718102000');
insert into HT_TBL_TXN_ALGO_RULE (BUS_TP, TXN_NUM, MATCHSTR, ALGO_ID, PARAM_FLAG, REC_OPR_ID, REC_UPD_OPR, REC_CRT_TS, REC_UPD_TS) values ('03021000', '5001', '*', '6000 ', '00000000000000000000000000000000', 'I', 'wyl', '20110718102000', '20110718102000');
insert into HT_TBL_TXN_ALGO_RULE (BUS_TP, TXN_NUM, MATCHSTR, ALGO_ID, PARAM_FLAG, REC_OPR_ID, REC_UPD_OPR, REC_CRT_TS, REC_UPD_TS) values ('03021000', '1201', '*', '6000 ', '00000000000000000000000000000000', 'I', 'wyl', '20110718102000', '20110718102000');
insert into HT_TBL_TXN_ALGO_RULE (BUS_TP, TXN_NUM, MATCHSTR, ALGO_ID, PARAM_FLAG, REC_OPR_ID, REC_UPD_OPR, REC_CRT_TS, REC_UPD_TS) values ('03021000', '1301', '*', '7000 ', '00000000000000000000000000000000', 'I', 'wyl', '20110718102000', '20110718102000');

insert into HT_TBL_TXN_ALGO_RULE (BUS_TP, TXN_NUM, MATCHSTR, ALGO_ID, PARAM_FLAG, REC_OPR_ID, REC_UPD_OPR, REC_CRT_TS, REC_UPD_TS) values ('03042000', '1001', '*', '6000 ', '00000000000000000000000000000000', 'I', 'wyl', '20110718102000', '20110718102000');
insert into HT_TBL_TXN_ALGO_RULE (BUS_TP, TXN_NUM, MATCHSTR, ALGO_ID, PARAM_FLAG, REC_OPR_ID, REC_UPD_OPR, REC_CRT_TS, REC_UPD_TS) values ('03042000', '5001', '*', '6000 ', '00000000000000000000000000000000', 'I', 'wyl', '20110718102000', '20110718102000');
insert into HT_TBL_TXN_ALGO_RULE (BUS_TP, TXN_NUM, MATCHSTR, ALGO_ID, PARAM_FLAG, REC_OPR_ID, REC_UPD_OPR, REC_CRT_TS, REC_UPD_TS) values ('03042000', '1201', '*', '6000 ', '00000000000000000000000000000000', 'I', 'wyl', '20110718102000', '20110718102000');
insert into HT_TBL_TXN_ALGO_RULE (BUS_TP, TXN_NUM, MATCHSTR, ALGO_ID, PARAM_FLAG, REC_OPR_ID, REC_UPD_OPR, REC_CRT_TS, REC_UPD_TS) values ('03042000', '1301', '*', '7000 ', '00000000000000000000000000000000', 'I', 'wyl', '20110718102000', '20110718102000');

insert into HT_TBL_TXN_ALGO_RULE (BUS_TP, TXN_NUM, MATCHSTR, ALGO_ID, PARAM_FLAG, REC_OPR_ID, REC_UPD_OPR, REC_CRT_TS, REC_UPD_TS) values ('03032000', '1001', '*', '6000 ', '00000000000000000000000000000000', 'I', 'wyl', '20110718102000', '20110718102000');
insert into HT_TBL_TXN_ALGO_RULE (BUS_TP, TXN_NUM, MATCHSTR, ALGO_ID, PARAM_FLAG, REC_OPR_ID, REC_UPD_OPR, REC_CRT_TS, REC_UPD_TS) values ('03032000', '5001', '*', '6000 ', '00000000000000000000000000000000', 'I', 'wyl', '20110718102000', '20110718102000');
insert into HT_TBL_TXN_ALGO_RULE (BUS_TP, TXN_NUM, MATCHSTR, ALGO_ID, PARAM_FLAG, REC_OPR_ID, REC_UPD_OPR, REC_CRT_TS, REC_UPD_TS) values ('03032000', '1201', '*', '6000 ', '00000000000000000000000000000000', 'I', 'wyl', '20110718102000', '20110718102000');
insert into HT_TBL_TXN_ALGO_RULE (BUS_TP, TXN_NUM, MATCHSTR, ALGO_ID, PARAM_FLAG, REC_OPR_ID, REC_UPD_OPR, REC_CRT_TS, REC_UPD_TS) values ('03032000', '1301', '*', '7000 ', '00000000000000000000000000000000', 'I', 'wyl', '20110718102000', '20110718102000');


insert into HT_TBL_DISC_ALGO (DISC_ID, DISC_STEP, OPER_RSLT, OPERAND1, OPERATOR1, OPERAND2, OPERATOR2, OPERAND3, REC_OPR_ID, REC_UPD_OPR, REC_CRT_TS, REC_UPD_TS) values ('6000 ', '0   ', -59, -1, '*', -54, ' ', 0, 'I', 'wyl    ', '20110718102000', '20110718102000');
insert into HT_TBL_DISC_ALGO (DISC_ID, DISC_STEP, OPER_RSLT, OPERAND1, OPERATOR1, OPERAND2, OPERATOR2, OPERAND3, REC_OPR_ID, REC_UPD_OPR, REC_CRT_TS, REC_UPD_TS) values ('6000 ', '1   ', -59, -59, '+', -53, ' ', 0, 'I', 'wyl    ', '20110718102000', '20110718102000');
insert into HT_TBL_DISC_ALGO (DISC_ID, DISC_STEP, OPER_RSLT, OPERAND1, OPERATOR1, OPERAND2, OPERATOR2, OPERAND3, REC_OPR_ID, REC_UPD_OPR, REC_CRT_TS, REC_UPD_TS) values ('6000 ', '2   ', 3, -59, 'L', -55, 'L', -55, 'I', 'wyl    ', '20110718102000', '20110718102000');
insert into HT_TBL_DISC_ALGO (DISC_ID, DISC_STEP, OPER_RSLT, OPERAND1, OPERATOR1, OPERAND2, OPERATOR2, OPERAND3, REC_OPR_ID, REC_UPD_OPR, REC_CRT_TS, REC_UPD_TS) values ('6000 ', '3   ', 4, -56, 'L', -59, 'L', -59, 'I', 'wyl    ', '20110718102000', '20110718102000');
insert into HT_TBL_DISC_ALGO (DISC_ID, DISC_STEP, OPER_RSLT, OPERAND1, OPERATOR1, OPERAND2, OPERATOR2, OPERAND3, REC_OPR_ID, REC_UPD_OPR, REC_CRT_TS, REC_UPD_TS) values ('6000 ', '4   ', 4, 0, 'L', 0, 'L', 0, 'I', 'wyl    ', '20110718102000', '20110718102000');
insert into HT_TBL_DISC_ALGO (DISC_ID, DISC_STEP, OPER_RSLT, OPERAND1, OPERATOR1, OPERAND2, OPERATOR2, OPERAND3, REC_OPR_ID, REC_UPD_OPR, REC_CRT_TS, REC_UPD_TS) values ('6000 ', '5   ', -59, -55, '=', 0, ' ', 0, 'I', 'wyl    ', '20110718102000', '20110718102000');
insert into HT_TBL_DISC_ALGO (DISC_ID, DISC_STEP, OPER_RSLT, OPERAND1, OPERATOR1, OPERAND2, OPERATOR2, OPERAND3, REC_OPR_ID, REC_UPD_OPR, REC_CRT_TS, REC_UPD_TS) values ('6000 ', '6   ', 2, 0, 'L', 0, 'L', 0, 'I', 'wyl    ', '20110718102000', '20110718102000');
insert into HT_TBL_DISC_ALGO (DISC_ID, DISC_STEP, OPER_RSLT, OPERAND1, OPERATOR1, OPERAND2, OPERATOR2, OPERAND3, REC_OPR_ID, REC_UPD_OPR, REC_CRT_TS, REC_UPD_TS) values ('6000 ', '7   ', -59, -56, '=', 0, ' ', 0, 'I', 'wyl    ', '20110718102000', '20110718102000');

--如果商户手续费大于交易金额，置商户手续费为0
insert into HT_TBL_DISC_ALGO (DISC_ID, DISC_STEP, OPER_RSLT, OPERAND1, OPERATOR1, OPERAND2, OPERATOR2, OPERAND3, REC_OPR_ID, REC_UPD_OPR, REC_CRT_TS, REC_UPD_TS) values ('6000 ', '8   ', 2, -1, 'L', -59, 'L', -59, 'I', 'wyl    ', '20110718102000', '20110718102000');
insert into HT_TBL_DISC_ALGO (DISC_ID, DISC_STEP, OPER_RSLT, OPERAND1, OPERATOR1, OPERAND2, OPERATOR2, OPERAND3, REC_OPR_ID, REC_UPD_OPR, REC_CRT_TS, REC_UPD_TS) values ('6000 ', '9   ', 2, 0, 'L', 0, 'L', 0, 'I', 'wyl    ', '20110718102000', '20110718102000');
--商户手续费赋0
insert into HT_TBL_DISC_ALGO (DISC_ID, DISC_STEP, OPER_RSLT, OPERAND1, OPERATOR1, OPERAND2, OPERATOR2, OPERAND3, REC_OPR_ID, REC_UPD_OPR, REC_CRT_TS, REC_UPD_TS) values ('6000 ', '10  ', -59, -59, '-', -59, ' ', 0, 'I', 'wyl    ', '20110718102000', '20110718102000');

insert into HT_TBL_DISC_ALGO (DISC_ID, DISC_STEP, OPER_RSLT, OPERAND1, OPERATOR1, OPERAND2, OPERATOR2, OPERAND3, REC_OPR_ID, REC_UPD_OPR, REC_CRT_TS, REC_UPD_TS) values ('6000 ', '11  ', -58, -1, '-', -59, ' ', 0, 'I', 'wyl    ', '20110718102000', '20110718102000');
insert into HT_TBL_DISC_ALGO (DISC_ID, DISC_STEP, OPER_RSLT, OPERAND1, OPERATOR1, OPERAND2, OPERATOR2, OPERAND3, REC_OPR_ID, REC_UPD_OPR, REC_CRT_TS, REC_UPD_TS) values ('6000 ', '12  ', -160, -1, '*', -154, ' ', 0, 'I', 'wyl    ', '20110718102000', '20110718102000');
insert into HT_TBL_DISC_ALGO (DISC_ID, DISC_STEP, OPER_RSLT, OPERAND1, OPERATOR1, OPERAND2, OPERATOR2, OPERAND3, REC_OPR_ID, REC_UPD_OPR, REC_CRT_TS, REC_UPD_TS) values ('6000 ', '13   ', -160, -160, '+', -153, ' ', 0, 'I', 'wyl    ', '20110718102000', '20110718102000');
--如果从文件中取手续费
insert into HT_TBL_DISC_ALGO (DISC_ID, DISC_STEP, OPER_RSLT, OPERAND1, OPERATOR1, OPERAND2, OPERATOR2, OPERAND3, REC_OPR_ID, REC_UPD_OPR, REC_CRT_TS, REC_UPD_TS) values ('6000 ', '14   ', 2, -1, 'L', -162, 'L', -162, 'I', 'wyl    ', '20110718102000', '20110718102000');
--恒成立
insert into HT_TBL_DISC_ALGO (DISC_ID, DISC_STEP, OPER_RSLT, OPERAND1, OPERATOR1, OPERAND2, OPERATOR2, OPERAND3, REC_OPR_ID, REC_UPD_OPR, REC_CRT_TS, REC_UPD_TS) values ('6000 ', '15   ', 2, 0, 'L', 0, 'L', 0, 'I', 'wyl    ', '20110718102000', '20110718102000');
insert into HT_TBL_DISC_ALGO (DISC_ID, DISC_STEP, OPER_RSLT, OPERAND1, OPERATOR1, OPERAND2, OPERATOR2, OPERAND3, REC_OPR_ID, REC_UPD_OPR, REC_CRT_TS, REC_UPD_TS) values ('6000 ', '16   ', -160, -161, '=', 0, ' ', 0, 'I', 'wyl    ', '20110718102000', '20110718102000');
--如果支付机构成本小于最小手续费
insert into HT_TBL_DISC_ALGO (DISC_ID, DISC_STEP, OPER_RSLT, OPERAND1, OPERATOR1, OPERAND2, OPERATOR2, OPERAND3, REC_OPR_ID, REC_UPD_OPR, REC_CRT_TS, REC_UPD_TS) values ('6000 ', '17   ', 3, -160, 'L', -155, 'L', -155, 'I', 'wyl    ', '20110718102000', '20110718102000');
--如果支付机构成本大于最大手续费
insert into HT_TBL_DISC_ALGO (DISC_ID, DISC_STEP, OPER_RSLT, OPERAND1, OPERATOR1, OPERAND2, OPERATOR2, OPERAND3, REC_OPR_ID, REC_UPD_OPR, REC_CRT_TS, REC_UPD_TS) values ('6000 ', '18   ', 4, -156, 'L', -160, 'L', -160, 'I', 'wyl    ', '20110718102000', '20110718102000');
insert into HT_TBL_DISC_ALGO (DISC_ID, DISC_STEP, OPER_RSLT, OPERAND1, OPERATOR1, OPERAND2, OPERATOR2, OPERAND3, REC_OPR_ID, REC_UPD_OPR, REC_CRT_TS, REC_UPD_TS) values ('6000 ', '19   ', 4, 0, 'L', 0, 'L', 0, 'I', 'wyl    ', '20110718102000', '20110718102000');
insert into HT_TBL_DISC_ALGO (DISC_ID, DISC_STEP, OPER_RSLT, OPERAND1, OPERATOR1, OPERAND2, OPERATOR2, OPERAND3, REC_OPR_ID, REC_UPD_OPR, REC_CRT_TS, REC_UPD_TS) values ('6000 ', '20   ', -160, -155, '=', 0, ' ', 0, 'I', 'wyl    ', '20110718102000', '20110718102000');
insert into HT_TBL_DISC_ALGO (DISC_ID, DISC_STEP, OPER_RSLT, OPERAND1, OPERATOR1, OPERAND2, OPERATOR2, OPERAND3, REC_OPR_ID, REC_UPD_OPR, REC_CRT_TS, REC_UPD_TS) values ('6000 ', '21   ', 2, 0, 'L', 0, 'L', 0, 'I', 'wyl    ', '20110718102000', '20110718102000');
insert into HT_TBL_DISC_ALGO (DISC_ID, DISC_STEP, OPER_RSLT, OPERAND1, OPERATOR1, OPERAND2, OPERATOR2, OPERAND3, REC_OPR_ID, REC_UPD_OPR, REC_CRT_TS, REC_UPD_TS) values ('6000 ', '22   ', -160, -156, '=', 0, ' ', 0, 'I', 'wyl    ', '20110718102000', '20110718102000');

--商户手续费-支付通道成本
insert into HT_TBL_DISC_ALGO (DISC_ID, DISC_STEP, OPER_RSLT, OPERAND1, OPERATOR1, OPERAND2, OPERATOR2, OPERAND3, REC_OPR_ID, REC_UPD_OPR, REC_CRT_TS, REC_UPD_TS) values ('6000 ', '23   ', -81, -59, '-', -160, ' ', 0, 'I', 'wyl    ', '20110718102000', '20110718102000');
--如果(商户手续费-支付通道成本)小于0
insert into HT_TBL_DISC_ALGO (DISC_ID, DISC_STEP, OPER_RSLT, OPERAND1, OPERATOR1, OPERAND2, OPERATOR2, OPERAND3, REC_OPR_ID, REC_UPD_OPR, REC_CRT_TS, REC_UPD_TS) values ('6000 ', '24   ', 5, -81, 'L', -2, 'L', -2, 'I', 'wyl    ', '20110718102000', '20110718102000');

insert into HT_TBL_DISC_ALGO (DISC_ID, DISC_STEP, OPER_RSLT, OPERAND1, OPERATOR1, OPERAND2, OPERATOR2, OPERAND3, REC_OPR_ID, REC_UPD_OPR, REC_CRT_TS, REC_UPD_TS) values ('6000 ', '25   ', -80, -81, '*', -74, ' ', 0, 'I', 'wyl    ', '20110718102000', '20110718102000');
insert into HT_TBL_DISC_ALGO (DISC_ID, DISC_STEP, OPER_RSLT, OPERAND1, OPERATOR1, OPERAND2, OPERATOR2, OPERAND3, REC_OPR_ID, REC_UPD_OPR, REC_CRT_TS, REC_UPD_TS) values ('6000 ', '26   ', -100, -81, '*', -94, ' ', 0, 'I', 'wyl    ', '20110718102000', '20110718102000');
insert into HT_TBL_DISC_ALGO (DISC_ID, DISC_STEP, OPER_RSLT, OPERAND1, OPERATOR1, OPERAND2, OPERATOR2, OPERAND3, REC_OPR_ID, REC_UPD_OPR, REC_CRT_TS, REC_UPD_TS) values ('6000 ', '27   ', -120, -81, '*', -114, ' ', 0, 'I', 'wyl    ', '20110718102000', '20110718102000');
insert into HT_TBL_DISC_ALGO (DISC_ID, DISC_STEP, OPER_RSLT, OPERAND1, OPERATOR1, OPERAND2, OPERATOR2, OPERAND3, REC_OPR_ID, REC_UPD_OPR, REC_CRT_TS, REC_UPD_TS) values ('6000 ', '28   ', -140, -81, '*', -134, ' ', 0, 'I', 'wyl    ', '20110718102000', '20110718102000');
insert into HT_TBL_DISC_ALGO (DISC_ID, DISC_STEP, OPER_RSLT, OPERAND1, OPERATOR1, OPERAND2, OPERATOR2, OPERAND3, REC_OPR_ID, REC_UPD_OPR, REC_CRT_TS, REC_UPD_TS) values ('6000 ', '29   ', -441, -59, '-', -80, '-', -100, 'I', 'wyl    ', '20110718102000', '20110718102000');
insert into HT_TBL_DISC_ALGO (DISC_ID, DISC_STEP, OPER_RSLT, OPERAND1, OPERATOR1, OPERAND2, OPERATOR2, OPERAND3, REC_OPR_ID, REC_UPD_OPR, REC_CRT_TS, REC_UPD_TS) values ('6000 ', '30   ', -442, -441, '-', -120, '-', -140, 'I', 'wyl    ', '20110718102000', '20110718102000');
insert into HT_TBL_DISC_ALGO (DISC_ID, DISC_STEP, OPER_RSLT, OPERAND1, OPERATOR1, OPERAND2, OPERATOR2, OPERAND3, REC_OPR_ID, REC_UPD_OPR, REC_CRT_TS, REC_UPD_TS) values ('6000 ', '31  ', -440, -442, '-', -160, ' ', 0, 'I', 'wyl    ', '20110718102000', '20110718102000');

insert into HT_TBL_DISC_ALGO (DISC_ID, DISC_STEP, OPER_RSLT, OPERAND1, OPERATOR1, OPERAND2, OPERATOR2, OPERAND3, REC_OPR_ID, REC_UPD_OPR, REC_CRT_TS, REC_UPD_TS) values ('7000 ', '0   ', -59, -1, '*', -54, ' ', 0, 'I', 'wyl    ', '20110718102000', '20110718102000');
insert into HT_TBL_DISC_ALGO (DISC_ID, DISC_STEP, OPER_RSLT, OPERAND1, OPERATOR1, OPERAND2, OPERATOR2, OPERAND3, REC_OPR_ID, REC_UPD_OPR, REC_CRT_TS, REC_UPD_TS) values ('7000 ', '1   ', -59, -59, '+', -53, ' ', 0, 'I', 'wyl    ', '20110718102000', '20110718102000');
insert into HT_TBL_DISC_ALGO (DISC_ID, DISC_STEP, OPER_RSLT, OPERAND1, OPERATOR1, OPERAND2, OPERATOR2, OPERAND3, REC_OPR_ID, REC_UPD_OPR, REC_CRT_TS, REC_UPD_TS) values ('7000 ', '2   ', 3, -59, 'L', -55, 'L', -55, 'I', 'wyl    ', '20110718102000', '20110718102000');
insert into HT_TBL_DISC_ALGO (DISC_ID, DISC_STEP, OPER_RSLT, OPERAND1, OPERATOR1, OPERAND2, OPERATOR2, OPERAND3, REC_OPR_ID, REC_UPD_OPR, REC_CRT_TS, REC_UPD_TS) values ('7000 ', '3   ', 4, -56, 'L', -59, 'L', -59, 'I', 'wyl    ', '20110718102000', '20110718102000');
insert into HT_TBL_DISC_ALGO (DISC_ID, DISC_STEP, OPER_RSLT, OPERAND1, OPERATOR1, OPERAND2, OPERATOR2, OPERAND3, REC_OPR_ID, REC_UPD_OPR, REC_CRT_TS, REC_UPD_TS) values ('7000 ', '4   ', 4, 0, 'L', 0, 'L', 0, 'I', 'wyl    ', '20110718102000', '20110718102000');
insert into HT_TBL_DISC_ALGO (DISC_ID, DISC_STEP, OPER_RSLT, OPERAND1, OPERATOR1, OPERAND2, OPERATOR2, OPERAND3, REC_OPR_ID, REC_UPD_OPR, REC_CRT_TS, REC_UPD_TS) values ('7000 ', '5   ', -59, -55, '=', 0, ' ', 0, 'I', 'wyl    ', '20110718102000', '20110718102000');
insert into HT_TBL_DISC_ALGO (DISC_ID, DISC_STEP, OPER_RSLT, OPERAND1, OPERATOR1, OPERAND2, OPERATOR2, OPERAND3, REC_OPR_ID, REC_UPD_OPR, REC_CRT_TS, REC_UPD_TS) values ('7000 ', '6   ', 2, 0, 'L', 0, 'L', 0, 'I', 'wyl    ', '20110718102000', '20110718102000');
insert into HT_TBL_DISC_ALGO (DISC_ID, DISC_STEP, OPER_RSLT, OPERAND1, OPERATOR1, OPERAND2, OPERATOR2, OPERAND3, REC_OPR_ID, REC_UPD_OPR, REC_CRT_TS, REC_UPD_TS) values ('7000 ', '7   ', -59, -56, '=', 0, ' ', 0, 'I', 'wyl    ', '20110718102000', '20110718102000');

--如果商户手续费大于交易金额，置商户手续费为0
insert into HT_TBL_DISC_ALGO (DISC_ID, DISC_STEP, OPER_RSLT, OPERAND1, OPERATOR1, OPERAND2, OPERATOR2, OPERAND3, REC_OPR_ID, REC_UPD_OPR, REC_CRT_TS, REC_UPD_TS) values ('7000 ', '8   ', 2, -1, 'L', -59, 'L', -59, 'I', 'wyl    ', '20110718102000', '20110718102000');
insert into HT_TBL_DISC_ALGO (DISC_ID, DISC_STEP, OPER_RSLT, OPERAND1, OPERATOR1, OPERAND2, OPERATOR2, OPERAND3, REC_OPR_ID, REC_UPD_OPR, REC_CRT_TS, REC_UPD_TS) values ('7000 ', '9   ', 2, 0, 'L', 0, 'L', 0, 'I', 'wyl    ', '20110718102000', '20110718102000');
--商户手续费赋0
insert into HT_TBL_DISC_ALGO (DISC_ID, DISC_STEP, OPER_RSLT, OPERAND1, OPERATOR1, OPERAND2, OPERATOR2, OPERAND3, REC_OPR_ID, REC_UPD_OPR, REC_CRT_TS, REC_UPD_TS) values ('7000 ', '10  ', -59, -59, '-', -59, ' ', 0, 'I', 'wyl    ', '20110718102000', '20110718102000');

insert into HT_TBL_DISC_ALGO (DISC_ID, DISC_STEP, OPER_RSLT, OPERAND1, OPERATOR1, OPERAND2, OPERATOR2, OPERAND3, REC_OPR_ID, REC_UPD_OPR, REC_CRT_TS, REC_UPD_TS) values ('7000 ', '11  ', -58, -1, '-', -59, ' ', 0, 'I', 'wyl    ', '20110718102000', '20110718102000');
insert into HT_TBL_DISC_ALGO (DISC_ID, DISC_STEP, OPER_RSLT, OPERAND1, OPERATOR1, OPERAND2, OPERATOR2, OPERAND3, REC_OPR_ID, REC_UPD_OPR, REC_CRT_TS, REC_UPD_TS) values ('7000 ', '12  ', -440, -59, '=', 0, ' ', 0, 'I', 'wyl    ', '20110718102000', '20110718102000');


insert into ht_tbl_brh_info (BRH_ID, CUP_BRH_ID, BRH_LEVEL, DESCR)values ('200000    ', '03090000', 'A', '结算虚拟卡批次');
insert into ht_tbl_brh_info (BRH_ID, CUP_BRH_ID, BRH_LEVEL, DESCR)values ('200001    ', '03090000', 'B', '结算银行卡批次');
insert into ht_tbl_brh_info (BRH_ID, CUP_BRH_ID, BRH_LEVEL, DESCR)values ('200002    ', '03090000', 'C', '结算归集批次');
insert into ht_tbl_brh_info (BRH_ID, CUP_BRH_ID, BRH_LEVEL, DESCR)values ('200003    ', '03090000', 'D', '核心记账批次');

insert into HT_TBL_MISSION_CFG (MISSION_TYPE, MISSION_INDEX, MISSION_NAME, MISSION_LEVEL, DATA_NUM, COMMIT_FLAG, COMMIT_NUM)values ('A', '6800', '头寸信息同步确认', 68, 1, 1, 1);
insert into HT_TBL_MISSION_CFG (MISSION_TYPE, MISSION_INDEX, MISSION_NAME, MISSION_LEVEL, DATA_NUM, COMMIT_FLAG, COMMIT_NUM)values ('A', '7100', '生成虚拟卡核心记账文件', 71, 1, 1, 1);
insert into HT_TBL_MISSION_CFG (MISSION_TYPE, MISSION_INDEX, MISSION_NAME, MISSION_LEVEL, DATA_NUM, COMMIT_FLAG, COMMIT_NUM)values ('A', '7400', '生成平台分润核心记账文件', 74, 1, 1, 1);
insert into HT_TBL_MISSION_CFG (MISSION_TYPE, MISSION_INDEX, MISSION_NAME, MISSION_LEVEL, DATA_NUM, COMMIT_FLAG, COMMIT_NUM)values ('A', '9901', '日切', 0, 1, 1, 1);


insert into HT_TBL_MISSION_CFG (MISSION_TYPE, MISSION_INDEX, MISSION_NAME, MISSION_LEVEL, DATA_NUM, COMMIT_FLAG, COMMIT_NUM)values ('B', '0116', '等待清算完成', 1, 1, 1, 1);
insert into HT_TBL_MISSION_CFG (MISSION_TYPE, MISSION_INDEX, MISSION_NAME, MISSION_LEVEL, DATA_NUM, COMMIT_FLAG, COMMIT_NUM)values ('B', '6601', '入账结果表导入结算明细', 66, 1, 1, 1);
insert into HT_TBL_MISSION_CFG (MISSION_TYPE, MISSION_INDEX, MISSION_NAME, MISSION_LEVEL, DATA_NUM, COMMIT_FLAG, COMMIT_NUM)values ('B', '6602', '提现清算表导入结算明细', 66, 1, 1, 1);
insert into HT_TBL_MISSION_CFG (MISSION_TYPE, MISSION_INDEX, MISSION_NAME, MISSION_LEVEL, DATA_NUM, COMMIT_FLAG, COMMIT_NUM)values ('B', '6603', '选择最优结算通道', 67, 1, 1, 1);
insert into HT_TBL_MISSION_CFG (MISSION_TYPE, MISSION_INDEX, MISSION_NAME, MISSION_LEVEL, DATA_NUM, COMMIT_FLAG, COMMIT_NUM)values ('B', '6800', '头寸信息同步确认', 68, 1, 1, 1);
insert into HT_TBL_MISSION_CFG (MISSION_TYPE, MISSION_INDEX, MISSION_NAME, MISSION_LEVEL, DATA_NUM, COMMIT_FLAG, COMMIT_NUM)values ('B', '6501', '头寸信息表同步到头寸试算表', 69, 1, 1, 1);
insert into HT_TBL_MISSION_CFG (MISSION_TYPE, MISSION_INDEX, MISSION_NAME, MISSION_LEVEL, DATA_NUM, COMMIT_FLAG, COMMIT_NUM)values ('B', '7101', '生成银行批量付款文件', 70, 1, 1, 1);
insert into HT_TBL_MISSION_CFG (MISSION_TYPE, MISSION_INDEX, MISSION_NAME, MISSION_LEVEL, DATA_NUM, COMMIT_FLAG, COMMIT_NUM)values ('B', '7111', '批量资金代付', 71, 1, 1, 1);
insert into HT_TBL_MISSION_CFG (MISSION_TYPE, MISSION_INDEX, MISSION_NAME, MISSION_LEVEL, DATA_NUM, COMMIT_FLAG, COMMIT_NUM)values ('B', '7201', '银行批量代付响应文件处理', 72, 1, 1, 1);
insert into HT_TBL_MISSION_CFG (MISSION_TYPE, MISSION_INDEX, MISSION_NAME, MISSION_LEVEL, DATA_NUM, COMMIT_FLAG, COMMIT_NUM)values ('B', '7301', '银行单笔代付查询处理', 73, 1, 1, 1);
insert into HT_TBL_MISSION_CFG (MISSION_TYPE, MISSION_INDEX, MISSION_NAME, MISSION_LEVEL, DATA_NUM, COMMIT_FLAG, COMMIT_NUM)values ('B', '7401', '生成代付核心记账文件', 74, 1, 1, 1);
insert into HT_TBL_MISSION_CFG (MISSION_TYPE, MISSION_INDEX, MISSION_NAME, MISSION_LEVEL, DATA_NUM, COMMIT_FLAG, COMMIT_NUM)values ('B', '8701', '生成核心挂账文件', 87, 1, 1, 1);
insert into HT_TBL_MISSION_CFG (MISSION_TYPE, MISSION_INDEX, MISSION_NAME, MISSION_LEVEL, DATA_NUM, COMMIT_FLAG, COMMIT_NUM)values ('B', '9901', '日切', 0, 1, 1, 1);


insert into HT_TBL_MISSION_CFG (MISSION_TYPE, MISSION_INDEX, MISSION_NAME, MISSION_LEVEL, DATA_NUM, COMMIT_FLAG, COMMIT_NUM)values ('C', '6800', '头寸信息同步确认', 68, 1, 1, 1);
insert into HT_TBL_MISSION_CFG (MISSION_TYPE, MISSION_INDEX, MISSION_NAME, MISSION_LEVEL, DATA_NUM, COMMIT_FLAG, COMMIT_NUM)values ('C', '7102', '待归集记录智能归集过程', 70, 1, 1, 1);
insert into HT_TBL_MISSION_CFG (MISSION_TYPE, MISSION_INDEX, MISSION_NAME, MISSION_LEVEL, DATA_NUM, COMMIT_FLAG, COMMIT_NUM)values ('C', '7202', '银行批量付款文件', 71, 1, 1, 1);
insert into HT_TBL_MISSION_CFG (MISSION_TYPE, MISSION_INDEX, MISSION_NAME, MISSION_LEVEL, DATA_NUM, COMMIT_FLAG, COMMIT_NUM)values ('C', '7222', '批量资金付款', 72, 1, 1, 1);
insert into HT_TBL_MISSION_CFG (MISSION_TYPE, MISSION_INDEX, MISSION_NAME, MISSION_LEVEL, DATA_NUM, COMMIT_FLAG, COMMIT_NUM)values ('C', '7302', '等待银行归集响应文件', 73, 1, 1, 1);
insert into HT_TBL_MISSION_CFG (MISSION_TYPE, MISSION_INDEX, MISSION_NAME, MISSION_LEVEL, DATA_NUM, COMMIT_FLAG, COMMIT_NUM)values ('C', '7402', '银行归集响应文件处理', 74, 1, 1, 1);
insert into HT_TBL_MISSION_CFG (MISSION_TYPE, MISSION_INDEX, MISSION_NAME, MISSION_LEVEL, DATA_NUM, COMMIT_FLAG, COMMIT_NUM)values ('C', '7502', '归集成功记录生成', 75, 1, 1, 1);
insert into HT_TBL_MISSION_CFG (MISSION_TYPE, MISSION_INDEX, MISSION_NAME, MISSION_LEVEL, DATA_NUM, COMMIT_FLAG, COMMIT_NUM)values ('C', '7802', '归集记录生成银行批量付款文件', 78, 1, 1, 1);
insert into HT_TBL_MISSION_CFG (MISSION_TYPE, MISSION_INDEX, MISSION_NAME, MISSION_LEVEL, DATA_NUM, COMMIT_FLAG, COMMIT_NUM)values ('C', '7822', '批量资金付款', 79, 1, 1, 1);
insert into HT_TBL_MISSION_CFG (MISSION_TYPE, MISSION_INDEX, MISSION_NAME, MISSION_LEVEL, DATA_NUM, COMMIT_FLAG, COMMIT_NUM)values ('C', '7902', '等待银行批量付款响应文件', 80, 1, 1, 1);
insert into HT_TBL_MISSION_CFG (MISSION_TYPE, MISSION_INDEX, MISSION_NAME, MISSION_LEVEL, DATA_NUM, COMMIT_FLAG, COMMIT_NUM)values ('C', '8002', '银行卡核心记账明细状态更新', 81, 1, 1, 1);
insert into HT_TBL_MISSION_CFG (MISSION_TYPE, MISSION_INDEX, MISSION_NAME, MISSION_LEVEL, DATA_NUM, COMMIT_FLAG, COMMIT_NUM)values ('C', '8102', '生成银行卡核心记账文件', 82, 1, 1, 1);
insert into HT_TBL_MISSION_CFG (MISSION_TYPE, MISSION_INDEX, MISSION_NAME, MISSION_LEVEL, DATA_NUM, COMMIT_FLAG, COMMIT_NUM)values ('C', '9901', '日切', 0, 1, 1, 1);

---insert into HT_TBL_MISSION_CFG (MISSION_TYPE, MISSION_INDEX, MISSION_NAME, MISSION_LEVEL, DATA_NUM, COMMIT_FLAG, COMMIT_NUM)values ('D', '0116', '等待清算完成', 1, 1, 1, 1);
---insert into HT_TBL_MISSION_CFG (MISSION_TYPE, MISSION_INDEX, MISSION_NAME, MISSION_LEVEL, DATA_NUM, COMMIT_FLAG, COMMIT_NUM)values ('D', '7103', '生成提现银行批量代付文件', 71, 1, 1, 1);
---insert into HT_TBL_MISSION_CFG (MISSION_TYPE, MISSION_INDEX, MISSION_NAME, MISSION_LEVEL, DATA_NUM, COMMIT_FLAG, COMMIT_NUM)values ('D', '7203', '批量资金代付', 72, 1, 1, 1);
---insert into HT_TBL_MISSION_CFG (MISSION_TYPE, MISSION_INDEX, MISSION_NAME, MISSION_LEVEL, DATA_NUM, COMMIT_FLAG, COMMIT_NUM)values ('D', '7303', '银行批量代付响应文件处理', 73, 1, 1, 1);
---insert into HT_TBL_MISSION_CFG (MISSION_TYPE, MISSION_INDEX, MISSION_NAME, MISSION_LEVEL, DATA_NUM, COMMIT_FLAG, COMMIT_NUM)values ('D', '7403', '银行单笔代付查询处理', 74, 1, 1, 1);
---insert into HT_TBL_MISSION_CFG (MISSION_TYPE, MISSION_INDEX, MISSION_NAME, MISSION_LEVEL, DATA_NUM, COMMIT_FLAG, COMMIT_NUM)values ('D', '7503', '生成核心记账响应文件', 75, 1, 1, 1);
---insert into HT_TBL_MISSION_CFG (MISSION_TYPE, MISSION_INDEX, MISSION_NAME, MISSION_LEVEL, DATA_NUM, COMMIT_FLAG, COMMIT_NUM)values ('D', '9901', '日切', 0, 1, 1, 1);


insert into HT_TBL_MISSION_CFG (MISSION_TYPE, MISSION_INDEX, MISSION_NAME, MISSION_LEVEL, DATA_NUM, COMMIT_FLAG, COMMIT_NUM)values ('D', '0116', '等待清算完成', 1, 1, 1, 1);
insert into HT_TBL_MISSION_CFG (MISSION_TYPE, MISSION_INDEX, MISSION_NAME, MISSION_LEVEL, DATA_NUM, COMMIT_FLAG, COMMIT_NUM)values ('D', '6101', '生成清算结果流水上送核心', 61, 20000, 1, 10000);
insert into HT_TBL_MISSION_CFG (MISSION_TYPE, MISSION_INDEX, MISSION_NAME, MISSION_LEVEL, DATA_NUM, COMMIT_FLAG, COMMIT_NUM)values ('D', '6102', '生成对账不平流水上送核心', 61, 20000, 1, 10000);
insert into HT_TBL_MISSION_CFG (MISSION_TYPE, MISSION_INDEX, MISSION_NAME, MISSION_LEVEL, DATA_NUM, COMMIT_FLAG, COMMIT_NUM)values ('D', '6202', '生成商户交易对账明细表', 62, 20000, 1, 10000);
insert into HT_TBL_MISSION_CFG (MISSION_TYPE, MISSION_INDEX, MISSION_NAME, MISSION_LEVEL, DATA_NUM, COMMIT_FLAG, COMMIT_NUM)values ('D', '9901', '日切', 0, 1, 1, 1);


--insert into ht_tbl_mission_time (INTER_BRH_CODE, MISSION_INDEX, MISSION_NAME, MISSION_DATE, MISSION_WEEKDAY, MISSION_HOUR, MISSION_DATE_ADJ, DATA_NUM, CHILD_NUM, COMMIT_FLAG, COMMIT_NUM)values ('200001    ', '9069', '头寸信息表同步到头寸试算表', '*', '*', '03', 1, 1, 1, 1, 1);
--insert into ht_tbl_mission_time (INTER_BRH_CODE, MISSION_INDEX, MISSION_NAME, MISSION_DATE, MISSION_WEEKDAY, MISSION_HOUR, MISSION_DATE_ADJ, DATA_NUM, CHILD_NUM, COMMIT_FLAG, COMMIT_NUM)values ('200001    ', '9070', '入账结果表导入结算明细', '*', '*', '03', 1, 1, 1, 1, 1);
--insert into ht_tbl_mission_time (INTER_BRH_CODE, MISSION_INDEX, MISSION_NAME, MISSION_DATE, MISSION_WEEKDAY, MISSION_HOUR, MISSION_DATE_ADJ, DATA_NUM, CHILD_NUM, COMMIT_FLAG, COMMIT_NUM)values ('200001    ', '9071', '生成核心挂账文件', '*', '*', '03', 1, 1, 1, 1, 1);


insert into HT_TBL_ACCT_INF (TYPE, BANK_CODE, ACCT_TYPE, ACCT_NO, ACCT_NAME, ACCOUNT_BALANCE, AVAILABLE_BALANCE, BLOCKED_BALANCE, CONTROLLED_BALANCE, REC_CRT_TS, REC_UPD_TS)values ('01', '987654452', '0011', '0011', '0011-个人消费账户', 0, 0, 0, 0, '20170312', '20170312');
insert into HT_TBL_ACCT_INF (TYPE, BANK_CODE, ACCT_TYPE, ACCT_NO, ACCT_NAME, ACCOUNT_BALANCE, AVAILABLE_BALANCE, BLOCKED_BALANCE, CONTROLLED_BALANCE, REC_CRT_TS, REC_UPD_TS)values ('02', '987654453', '0021', '0021', '0021-运营商存管账户', 111111111, 1111111, 111111, 11, '20170312', '20170312');
insert into HT_TBL_ACCT_INF (TYPE, BANK_CODE, ACCT_TYPE, ACCT_NO, ACCT_NAME, ACCOUNT_BALANCE, AVAILABLE_BALANCE, BLOCKED_BALANCE, CONTROLLED_BALANCE, REC_CRT_TS, REC_UPD_TS)values ('03', '987654453', '0022', '0022', '0022-运营商结算账户', 111111111, 1111111, 111111, 11, '20170312', '20170312');
insert into HT_TBL_ACCT_INF (TYPE, BANK_CODE, ACCT_TYPE, ACCT_NO, ACCT_NAME, ACCOUNT_BALANCE, AVAILABLE_BALANCE, BLOCKED_BALANCE, CONTROLLED_BALANCE, REC_CRT_TS, REC_UPD_TS)values ('04', '987654453', '0023', '0023', '0023-运营商风险准备金账户', 111111111, 1111111, 111111, 11, '20170312', '20170312');
insert into HT_TBL_ACCT_INF (TYPE, BANK_CODE, ACCT_TYPE, ACCT_NO, ACCT_NAME, ACCOUNT_BALANCE, AVAILABLE_BALANCE, BLOCKED_BALANCE, CONTROLLED_BALANCE, REC_CRT_TS, REC_UPD_TS)values ('05', '987654453', '0024', '0024', '0024-运营商营销账户', 111111111, 1111111, 111111, 11, '20170312', '20170312');
insert into HT_TBL_ACCT_INF (TYPE, BANK_CODE, ACCT_TYPE, ACCT_NO, ACCT_NAME, ACCOUNT_BALANCE, AVAILABLE_BALANCE, BLOCKED_BALANCE, CONTROLLED_BALANCE, REC_CRT_TS, REC_UPD_TS)values ('06', '987654453', '0025', '0025', '0025-运营商计息账户', 111111111, 1111111, 111111, 11, '20170312', '20170312');
insert into HT_TBL_ACCT_INF (TYPE, BANK_CODE, ACCT_TYPE, ACCT_NO, ACCT_NAME, ACCOUNT_BALANCE, AVAILABLE_BALANCE, BLOCKED_BALANCE, CONTROLLED_BALANCE, REC_CRT_TS, REC_UPD_TS)values ('07', '987654453', '0026', '0026', '0026-运营商分润账户', 111111111, 1111111, 111111, 11, '20170312', '20170312');
insert into HT_TBL_ACCT_INF (TYPE, BANK_CODE, ACCT_TYPE, ACCT_NO, ACCT_NAME, ACCOUNT_BALANCE, AVAILABLE_BALANCE, BLOCKED_BALANCE, CONTROLLED_BALANCE, REC_CRT_TS, REC_UPD_TS)values ('08', '987654453', '0031', '0031', '0031-商户结算账户', 111111111, 1111111, 111111, 11, '20170312', '20170312');
insert into HT_TBL_ACCT_INF (TYPE, BANK_CODE, ACCT_TYPE, ACCT_NO, ACCT_NAME, ACCOUNT_BALANCE, AVAILABLE_BALANCE, BLOCKED_BALANCE, CONTROLLED_BALANCE, REC_CRT_TS, REC_UPD_TS)values ('09', '987654453', '0032', '0032', '0032-商户担保账户', 111111111, 1111111, 111111, 11, '20170312', '20170312');
insert into HT_TBL_ACCT_INF (TYPE, BANK_CODE, ACCT_TYPE, ACCT_NO, ACCT_NAME, ACCOUNT_BALANCE, AVAILABLE_BALANCE, BLOCKED_BALANCE, CONTROLLED_BALANCE, REC_CRT_TS, REC_UPD_TS)values ('10', '987654453', '0041', '0041', '0041-机构往来户', 111111111, 1111111, 111111, 11, '20170312', '20170312');
insert into HT_TBL_ACCT_INF (TYPE, BANK_CODE, ACCT_TYPE, ACCT_NO, ACCT_NAME, ACCOUNT_BALANCE, AVAILABLE_BALANCE, BLOCKED_BALANCE, CONTROLLED_BALANCE, REC_CRT_TS, REC_UPD_TS)values ('12', '987654453', 'G022', 'G022', '运营商结算账户(挂账余额)', 111111111, 1111111, 111111, 11, '20170312', '20170312');
insert into HT_TBL_ACCT_INF (TYPE, BANK_CODE, ACCT_TYPE, ACCT_NO, ACCT_NAME, ACCOUNT_BALANCE, AVAILABLE_BALANCE, BLOCKED_BALANCE, CONTROLLED_BALANCE, REC_CRT_TS, REC_UPD_TS)values ('11', '987654453', '0051', '0051', '0051-渠道结算账户', 111111111, 1111111, 111111, 11, '20170312', '20170312');
insert into HT_TBL_ACCT_INF (TYPE, BANK_CODE, ACCT_TYPE, ACCT_NO, ACCT_NAME, ACCOUNT_BALANCE, AVAILABLE_BALANCE, BLOCKED_BALANCE, CONTROLLED_BALANCE, REC_CRT_TS, REC_UPD_TS)values ('13', '987654453', 'G026', 'G026', 'G026-差错处理', 111111111, 1111111, 111111, 11, '20170312', '20170312');


insert into HT_TBL_COM_CONFIG (KEY1, KEY2, KEY3, VALUE1, VALUE2, VALUE3, REMARK1, REMARK2, REMARK3)values ('200001', 'CIBGATEWAY', 'PAYWAYTYPE', 'cib_xydf', 'SHA1_KEY', 'MERC_CERT', '兴业代付', '兴业代付', '兴业代付');
insert into HT_TBL_COM_CONFIG (KEY1, KEY2, KEY3, VALUE1, VALUE2, VALUE3, REMARK1, REMARK2, REMARK3)values ('200001', 'CIBALIPAY', 'PAYWAYTYPE', 'cib_alipay', 'CONECT_KEY', 'MERC_CERT', '兴业代付', '兴业代付', '兴业代付');
insert into HT_TBL_COM_CONFIG (KEY1, KEY2, KEY3, VALUE1, VALUE2, VALUE3, REMARK1, REMARK2, REMARK3)values ('200001', 'CIBTENPAY', 'PAYWAYTYPE', 'cib_tenpay', 'CONECT_KEY', 'MERC_CERT', '兴业代付', '兴业代付', '兴业代付');
insert into HT_TBL_COM_CONFIG (KEY1, KEY2, KEY3, VALUE1, VALUE2, VALUE3, REMARK1, REMARK2, REMARK3)values ('200001', '200001', 'BANKCODE', '309391000011', '兴业银行', '多卡隔合', '兴业银行号', '兴业银行名称', '账号名称');
insert into HT_TBL_COM_CONFIG (KEY1, KEY2, KEY3, VALUE1, VALUE2, VALUE3, REMARK1, REMARK2, REMARK3)values ('200001', '7101', 'BANKCODE', '309391000011', '兴业银行', '多卡隔合', '兴业银行号', '兴业银行名称', '账号名称');

-----------------富友新增----------------------------
insert into HT_TBL_MISSION_CFG (MISSION_TYPE, MISSION_INDEX, MISSION_NAME, MISSION_LEVEL, DATA_NUM, COMMIT_FLAG, COMMIT_NUM) values ('6', '9901', '日切', 0, 1, 1, 1);
insert into HT_TBL_MISSION_CFG (MISSION_TYPE, MISSION_INDEX, MISSION_NAME, MISSION_LEVEL, DATA_NUM, COMMIT_FLAG, COMMIT_NUM) values ('6', '0100', '支付网关流水导入确认', 1, 1, 1, 1);
insert into HT_TBL_MISSION_CFG (MISSION_TYPE, MISSION_INDEX, MISSION_NAME, MISSION_LEVEL, DATA_NUM, COMMIT_FLAG, COMMIT_NUM) values ('6', '0109', '获取富友支付宝微信流水文件', 2, 1, 1, 1);
insert into HT_TBL_MISSION_CFG (MISSION_TYPE, MISSION_INDEX, MISSION_NAME, MISSION_LEVEL, DATA_NUM, COMMIT_FLAG, COMMIT_NUM) values ('6', '0409', '导入富友支付宝微信流水文件', 4, 20000, 1, 10000);
insert into HT_TBL_MISSION_CFG (MISSION_TYPE, MISSION_INDEX, MISSION_NAME, MISSION_LEVEL, DATA_NUM, COMMIT_FLAG, COMMIT_NUM) values ('6', '0700', '富友支付宝微信渠道交易对账', 7, 20000, 1, 10000);
insert into HT_TBL_MISSION_CFG (MISSION_TYPE, MISSION_INDEX, MISSION_NAME, MISSION_LEVEL, DATA_NUM, COMMIT_FLAG, COMMIT_NUM) values ('6', '0800', '支付宝微信多处理', 8, 20000, 1, 10000);
insert into HT_TBL_MISSION_CFG (MISSION_TYPE, MISSION_INDEX, MISSION_NAME, MISSION_LEVEL, DATA_NUM, COMMIT_FLAG, COMMIT_NUM) values ('6', '0901', '虚拟核心多处理', 9, 20000, 1, 10000);
insert into HT_TBL_MISSION_CFG (MISSION_TYPE, MISSION_INDEX, MISSION_NAME, MISSION_LEVEL, DATA_NUM, COMMIT_FLAG, COMMIT_NUM) values ('6', '2201', '对账结果到清分准备表', 22, 20000, 1, 10000);
insert into HT_TBL_MISSION_CFG (MISSION_TYPE, MISSION_INDEX, MISSION_NAME, MISSION_LEVEL, DATA_NUM, COMMIT_FLAG, COMMIT_NUM) values ('6', '4101', '清算', 41, 20000, 1, 10000);
insert into HT_TBL_MISSION_CFG (MISSION_TYPE, MISSION_INDEX, MISSION_NAME, MISSION_LEVEL, DATA_NUM, COMMIT_FLAG, COMMIT_NUM) values ('6', '5101', '清分', 51, 20000, 1, 10000);
insert into HT_TBL_MISSION_CFG (MISSION_TYPE, MISSION_INDEX, MISSION_NAME, MISSION_LEVEL, DATA_NUM, COMMIT_FLAG, COMMIT_NUM) values ('6', '5502', '商户入账数据准备确认', 55, 20000, 1, 10000);

insert into HT_TBL_MISSION_TIME (INTER_BRH_CODE, MISSION_INDEX, MISSION_NAME, MISSION_DATE, MISSION_WEEKDAY, MISSION_HOUR, MISSION_DATE_ADJ, DATA_NUM, CHILD_NUM, COMMIT_FLAG, COMMIT_NUM) values ('100006    ', '9007', '下载富友支付宝微信对账文件', '*       ', '*', '02', 30, 1, 1, 1, 1);

insert into HT_TBL_DATE_INF (INTER_BRH_CODE, STODAY, STWODAYSAGO, SYESTERDAY, SNEXTDATE, SSTARTDATE, SFORESTARTDATE, STATUS) values ('100006    ', '20170726', '20170724', '20170725', '20170727', '20170726', '20170726', 0);
insert into HT_TBL_DATE_INF (INTER_BRH_CODE, STODAY, STWODAYSAGO, SYESTERDAY, SNEXTDATE, SSTARTDATE, SFORESTARTDATE, STATUS) values ('200004    ', '20170726', '20170724', '20170725', '20170727', '20170726', '20170726', 0);

insert into HT_TBL_BRH_INFO (BRH_ID, CUP_BRH_ID, BRH_LEVEL, DESCR) values ('100006    ', '03090000  ', '6', '富友支付宝微信批次');

insert into HT_TBL_BRH_MAP(BUS_TP, BRH_ID, DESCR) values('05041000', '100006', '富友支付宝支付批次');
insert into HT_TBL_BRH_MAP(BUS_TP, BRH_ID, DESCR) values('05031000', '100006', '富友微信支付批次');

-- 富友新增批次
insert into HT_TBL_MISSION_CFG (MISSION_TYPE, MISSION_INDEX, MISSION_NAME, MISSION_LEVEL, DATA_NUM, COMMIT_FLAG, COMMIT_NUM)values ('E', '9901', '日切', 0, 1, 1, 1);
insert into HT_TBL_MISSION_CFG (MISSION_TYPE, MISSION_INDEX, MISSION_NAME, MISSION_LEVEL, DATA_NUM, COMMIT_FLAG, COMMIT_NUM)values ('E', '6800', '头寸信息同步确认', 65, 1, 1, 1);
insert into HT_TBL_MISSION_CFG (MISSION_TYPE, MISSION_INDEX, MISSION_NAME, MISSION_LEVEL, DATA_NUM, COMMIT_FLAG, COMMIT_NUM)values ('E', '6502', '查询富友虚拟账户头寸', 68, 1, 1, 1);
insert into HT_TBL_MISSION_CFG (MISSION_TYPE, MISSION_INDEX, MISSION_NAME, MISSION_LEVEL, DATA_NUM, COMMIT_FLAG, COMMIT_NUM)values ('E', '7103', '富友单笔代付', 70, 1, 1, 1);
insert into HT_TBL_MISSION_CFG (MISSION_TYPE, MISSION_INDEX, MISSION_NAME, MISSION_LEVEL, DATA_NUM, COMMIT_FLAG, COMMIT_NUM)values ('E', '7403', '生成代付核心记账文件', 74, 1, 1, 1);
insert into HT_TBL_MISSION_CFG (MISSION_TYPE, MISSION_INDEX, MISSION_NAME, MISSION_LEVEL, DATA_NUM, COMMIT_FLAG, COMMIT_NUM)values ('E', '8703', '生成核心挂账文件', 87, 1, 1, 1);

insert into HT_TBL_BRH_INFO (BRH_ID, CUP_BRH_ID, BRH_LEVEL, DESCR) values ('200004    ', '03090000  ', 'E', '富友结算批次');
commit;

